Electric Vehicle Population Data Report:

VIN,County,City,Make,Model,Electric Range,Charging Speed
5UXTA6C05P,Yakima,Yakima,BMW,X5,30,30@20kWh
5YJSA1E24G,King,Seattle,TESLA,MODEL S,210,210@22kWh
1N4AZ1CP5J,King,Shoreline,NISSAN,LEAF,151,151@24kWh
5YJ3E1EA6J,Island,Coupeville,TESLA,MODEL 3,215,215@26kWh
1G1FW6S00H,Kitsap,Seabeck,CHEVROLET,BOLT EV,238,238@28kWh
5YJ3E1EA0J,Snohomish,Bothell,TESLA,MODEL 3,215,215@30kWh
1N4BZ1BV4M,King,Seattle,NISSAN,LEAF,N/A,None
5YJ3E1EB3J,King,Redmond,TESLA,MODEL 3,215,215@34kWh
SADHB2S1XK,King,Seattle,JAGUAR,I-PACE,234,234@36kWh
5YJXCAE21G,King,Seattle,TESLA,MODEL X,200,200@38kWh
1N4AZ0CP8D,King,Bellevue,NISSAN,LEAF,75,75@40kWh
WBY1Z4C53F,King,Seattle,BMW,I3,72,72@42kWh
5YJ3E1EA3L,Island,Oak Harbor,TESLA,MODEL 3,266,266@44kWh
WP0AC2Y13L,Snohomish,Bothell,PORSCHE,TAYCAN,192,192@46kWh
5YJ3E1EB2J,King,Redmond,TESLA,MODEL 3,215,215@48kWh
5YJ3E1EBXJ,King,Sammamish,TESLA,MODEL 3,215,215@50kWh
7SAYGDEE7P,Snohomish,Bothell,TESLA,MODEL Y,N/A,None
WA1E2AFY8M,King,Duvall,AUDI,Q5 E,18,18@54kWh
5YJ3E1EBXJ,King,Bothell,TESLA,MODEL 3,215,215@56kWh
5YJSA1E23J,King,Auburn,TESLA,MODEL S,249,249@58kWh
5YJ3E1EA0J,King,Kirkland,TESLA,MODEL 3,215,215@60kWh
5YJSA1E24G,King,Kenmore,TESLA,MODEL S,210,210@62kWh
5UXTA6C01N,King,Shoreline,BMW,X5,30,30@64kWh
5YJ3E1EB6L,Snohomish,Lynnwood,TESLA,MODEL 3,322,322@66kWh
5YJ3E1EB7K,Yakima,Yakima,TESLA,MODEL 3,220,220@68kWh
5UXKT0C53G,Thurston,Lacey,BMW,X5,14,14@70kWh
1N4AZ0CP2F,King,Seattle,NISSAN,LEAF,84,84@72kWh
1N4AZ0CP0F,King,Seattle,NISSAN,LEAF,84,84@74kWh
1G1FX6S01J,Thurston,Rainier,CHEVROLET,BOLT EV,238,238@76kWh
WBA13AG06M,Kitsap,Bainbridge Island,BMW,530E,21,21@78kWh
WA1E2AFY7M,King,Bellevue,AUDI,Q5 E,18,18@80kWh
5YJ3E1EB3L,King,Renton,TESLA,MODEL 3,322,322@82kWh
5YJXCAE28H,Kitsap,Silverdale,TESLA,MODEL X,200,200@84kWh
5YJ3E1EB5K,Kitsap,Suquamish,TESLA,MODEL 3,220,220@86kWh
1G1FW6S00H,King,Seattle,CHEVROLET,BOLT EV,238,238@88kWh
JTMABABA2P,King,Tukwila,SUBARU,SOLTERRA,N/A,None
1N4AZ0CP1F,Clark,Vancouver,NISSAN,LEAF,84,84@92kWh
5UXTA6C08M,King,Bothell,BMW,X5,30,30@94kWh
5YJ3E1EA4K,King,Seattle,TESLA,MODEL 3,220,220@96kWh
5YJ3E1EB2L,Kitsap,Bainbridge Island,TESLA,MODEL 3,322,322@98kWh
3FMTK2SU0P,Yakima,Yakima,FORD,MUSTANG MACH-E,N/A,None
LPSED3KA6M,Snohomish,Monroe,POLESTAR,PS2,233,233@102kWh
KNDC3DLC7P,Whitman,Pullman,KIA,EV6,N/A,None
55SWF4HB5J,Snohomish,Bothell,MERCEDES-BENZ,C-CLASS,8,8@106kWh
1N4BZ0CPXG,Snohomish,Marysville,NISSAN,LEAF,84,84@108kWh
5YJ3E1EB9K,Snohomish,Snohomish,TESLA,MODEL 3,220,220@110kWh
WAUTPBFF1H,Snohomish,Edmonds,AUDI,A3,16,16@112kWh
5YJSA1E2XH,Allen,Fort Wayne,IN,TESLA,MODEL S,210,210@114kWh
5YJ3E1EB6K,Snohomish,Everett,TESLA,MODEL 3,220,220@116kWh
5YJ3E1EA4J,Snohomish,Bothell,TESLA,MODEL 3,215,215@118kWh
5YJ3E1EB0N,Snohomish,Bothell,TESLA,MODEL 3,N/A,None
5YJ3E1EA7K,Grant,Moses Lake,TESLA,MODEL 3,220,220@122kWh
1G1RB6S5XH,Grant,Soap Lake,CHEVROLET,VOLT,53,53@124kWh
5YJXCBE29G,Kitsap,Poulsbo,TESLA,MODEL X,200,200@126kWh
1N4AZ0CP1D,Snohomish,Edmonds,NISSAN,LEAF,75,75@128kWh
1N4BZ0CP7H,Snohomish,Snohomish,NISSAN,LEAF,107,107@130kWh
5YJ3E1EA7J,Snohomish,Lynnwood,TESLA,MODEL 3,215,215@132kWh
5YJ3E1EB1L,Grant,Quincy,TESLA,MODEL 3,322,322@134kWh
5YJ3E1EA4J,Snohomish,Snohomish,TESLA,MODEL 3,215,215@136kWh
5YJ3E1EB3L,Kitsap,Seabeck,TESLA,MODEL 3,322,322@138kWh
1G1RA6E49D,Island,Oak Harbor,CHEVROLET,VOLT,38,38@140kWh
5YJ3E1EA9K,Snohomish,Lynnwood,TESLA,MODEL 3,220,220@142kWh
5YJ3E1EC6L,Thurston,Olympia,TESLA,MODEL 3,308,308@144kWh
KNDCD3LD8L,Yakima,Yakima,KIA,NIRO,26,26@146kWh
5YJ3E1EA1K,Snohomish,Edmonds,TESLA,MODEL 3,220,220@148kWh
5YJ3E1EBXJ,Snohomish,Monroe,TESLA,MODEL 3,215,215@150kWh
1G1RD6S53H,Stevens,Chewelah,CHEVROLET,VOLT,53,53@152kWh
WBY33AW04P,Chelan,Manson,BMW,I4,N/A,None
3FA6P0SUXJ,Walla Walla,College Place,FORD,FUSION,21,21@156kWh
1N4AZ1CP0J,Spokane,Spokane,NISSAN,LEAF,151,151@158kWh
1FMCU0LZ9N,Snohomish,Bothell,FORD,ESCAPE,38,38@160kWh
3FA6P0PU4F,Spokane,Spokane,FORD,FUSION,19,19@162kWh
7SAYGDEF9P,Stevens,Colville,TESLA,MODEL Y,N/A,None
5YJ3E1EA6P,Snohomish,Bothell,TESLA,MODEL 3,N/A,None
1FADP5CU4G,Kitsap,Poulsbo,FORD,C-MAX,19,19@168kWh
5YJ3E1EB9K,Snohomish,Arlington,TESLA,MODEL 3,220,220@170kWh
JA3215H18C,Snohomish,Mukilteo,MITSUBISHI,I-MIEV,62,62@172kWh
5YJYGDEE7L,Snohomish,Lynnwood,TESLA,MODEL Y,291,291@174kWh
5YJSA1E21H,Snohomish,Bothell,TESLA,MODEL S,210,210@176kWh
5YJSA1S2XF,Island,Clinton,TESLA,MODEL S,208,208@178kWh
WA1VABGE7K,Thurston,Tumwater,AUDI,E-TRON,204,204@180kWh
5YJ3E1EB1J,Island,Freeland,TESLA,MODEL 3,215,215@182kWh
5YJ3E1EA1J,Snohomish,Snohomish,TESLA,MODEL 3,215,215@184kWh
5YJSA1E2XJ,Thurston,Olympia,TESLA,MODEL S,249,249@186kWh
1G1RA6E47C,Snohomish,Edmonds,CHEVROLET,VOLT,35,35@188kWh
YV4BR00L1M,Snohomish,Bothell,VOLVO,XC90,18,18@190kWh
1N4AZ1CP5J,Thurston,Olympia,NISSAN,LEAF,151,151@192kWh
KNDCE3LG7K,King,Black Diamond,KIA,NIRO,239,239@194kWh
1C4RJYC64N,Snohomish,Lake Stevens,JEEP,GRAND CHEROKEE,25,25@196kWh
KNDC34LA8P,Snohomish,Monroe,KIA,EV6,N/A,None
5YJYGDEE1L,Snohomish,Bothell,TESLA,MODEL Y,291,291@200kWh
KNAGV4LD8K,Yakima,Yakima,KIA,OPTIMA,29,29@202kWh
KNDJX3AE9H,Thurston,Olympia,KIA,SOUL EV,93,93@204kWh
5YJ3E1EA3J,Kitsap,Bainbridge Island,TESLA,MODEL 3,215,215@206kWh
1G1RA6S57J,Kitsap,Bremerton,CHEVROLET,VOLT,53,53@208kWh
5UXTA6C08N,King,Seattle,BMW,X5,30,30@210kWh
WVWPR7AU8K,Thurston,Olympia,VOLKSWAGEN,E-GOLF,125,125@212kWh
7SAYGAEE8P,Snohomish,Bothell,TESLA,MODEL Y,N/A,None
1FADP5CUXD,Yakima,Yakima,FORD,C-MAX,19,19@216kWh
7SAXCBE58N,Yakima,Yakima,TESLA,MODEL X,N/A,None
1N4AZ1CP3J,Kitsap,Poulsbo,NISSAN,LEAF,151,151@220kWh
KNDJX3AE7H,Island,Oak Harbor,KIA,SOUL EV,93,93@222kWh
JN1AZ0CP8B,King,Seattle,NISSAN,LEAF,73,73@224kWh
1N4AZ0CP4F,Snohomish,Bothell,NISSAN,LEAF,84,84@226kWh
5YJSA1AC7D,Snohomish,Lake Stevens,TESLA,MODEL S,208,208@228kWh
WBY1Z2C56E,King,Seattle,BMW,I3,81,81@230kWh
3FA6P0SU9H,Thurston,Lacey,FORD,FUSION,21,21@232kWh
JN1AZ0CPXC,Kitsap,Silverdale,NISSAN,LEAF,73,73@234kWh
KNDCE3LG1K,Thurston,Olympia,KIA,NIRO,239,239@236kWh
5YJ3E1EA1J,Kitsap,Bremerton,TESLA,MODEL 3,215,215@238kWh
1N4AZ0CP6E,King,Seattle,NISSAN,LEAF,84,84@240kWh
5YJXCBE23J,King,Renton,TESLA,MODEL X,238,238@242kWh
1C4JJXR62M,Thurston,Lacey,JEEP,WRANGLER,21,21@244kWh
5YJSA1E26H,Chelan,Manson,TESLA,MODEL S,210,210@246kWh
5YJ3E1EB8L,Snohomish,Edmonds,TESLA,MODEL 3,322,322@248kWh
1G1RC6E49B,Thurston,Olympia,CHEVROLET,VOLT,35,35@250kWh
WBY1Z6C31H,Snohomish,Everett,BMW,I3,81,81@252kWh
5YJSA1E25J,Snohomish,Snohomish,TESLA,MODEL S,249,249@254kWh
5YJ3E1EB7L,Thurston,Olympia,TESLA,MODEL 3,322,322@256kWh
KNDCD3LD8L,Thurston,Olympia,KIA,NIRO,26,26@258kWh
1N4BZ0CP8G,King,Seattle,NISSAN,LEAF,84,84@260kWh
1N4AZ0CP0G,King,Kenmore,NISSAN,LEAF,84,84@262kWh
3FA6P0SU6G,Kittitas,Easton,FORD,FUSION,19,19@264kWh
1G1FZ6S0XL,Thurston,Olympia,CHEVROLET,BOLT EV,259,259@266kWh
5YJ3E1EB9L,Thurston,Tenino,TESLA,MODEL 3,322,322@268kWh
5YJ3E1EA4J,Snohomish,Mill Creek,TESLA,MODEL 3,215,215@270kWh
1N4AZ0CPXF,Thurston,Olympia,NISSAN,LEAF,84,84@272kWh
Generated by Muhammad Rizwan on:,2023-10-31
